1,x,x,x,x,o,o,x,o,o,positive
2,x,x,x,x,o,o,o,x,o,positive
3,x,x,x,x,o,o,o,o,x,positive
4,x,x,x,x,o,o,o,b,b,positive
5,x,x,x,x,o,o,b,o,b,positive
6,x,x,x,x,o,o,b,b,o,positive
7,x,x,x,x,o,b,o,o,b,positive
8,x,x,x,x,o,b,o,b,o,positive
9,x,x,x,x,o,b,b,o,o,positive
10,x,x,x,x,b,o,o,o,b,positive
11,x,x,x,x,b,o,o,b,o,positive
12,x,x,x,x,b,o,b,o,o,positive
13,x,x,x,o,x,o,x,o,o,positive
14,x,x,x,o,x,o,o,x,o,positive
15,x,x,x,o,x,o,o,o,x,positive
16,x,x,x,o,x,o,o,b,b,positive
17,x,x,x,o,x,o,b,o,b,positive
18,x,x,x,o,x,o,b,b,o,positive
19,x,x,x,o,x,b,o,o,b,positive
20,x,x,x,o,x,b,o,b,o,positive
21,x,x,x,o,x,b,b,o,o,positive
22,x,x,x,o,o,x,x,o,o,positive
23,x,x,x,o,o,x,o,x,o,positive
24,x,x,x,o,o,x,o,o,x,positive
25,x,x,x,o,o,x,o,b,b,positive
26,x,x,x,o,o,x,b,o,b,positive
27,x,x,x,o,o,x,b,b,o,positive
28,x,x,x,o,o,b,x,o,b,positive
29,x,x,x,o,o,b,x,b,o,positive
30,x,x,x,o,o,b,o,x,b,positive
31,x,x,x,o,o,b,o,b,x,positive
32,x,x,x,o,o,b,b,x,o,positive
33,x,x,x,o,o,b,b,o,x,positive
34,x,x,x,o,o,b,b,b,b,positive
35,x,x,x,o,b,x,o,o,b,positive
36,x,x,x,o,b,x,o,b,o,positive
37,x,x,x,o,b,x,b,o,o,positive
38,x,x,x,o,b,o,x,o,b,positive
39,x,x,x,o,b,o,x,b,o,positive
40,x,x,x,o,b,o,o,x,b,positive
41,x,x,x,o,b,o,o,b,x,positive
42,x,x,x,o,b,o,b,x,o,positive
43,x,x,x,o,b,o,b,o,x,positive
44,x,x,x,o,b,o,b,b,b,positive
45,x,x,x,o,b,b,x,o,o,positive
46,x,x,x,o,b,b,o,x,o,positive
47,x,x,x,o,b,b,o,o,x,positive
48,x,x,x,o,b,b,o,b,b,positive
49,x,x,x,o,b,b,b,o,b,positive
50,x,x,x,o,b,b,b,b,o,positive
51,x,x,x,b,x,o,o,o,b,positive
52,x,x,x,b,x,o,o,b,o,positive
53,x,x,x,b,x,o,b,o,o,positive
54,x,x,x,b,o,x,o,o,b,positive
55,x,x,x,b,o,x,o,b,o,positive
56,x,x,x,b,o,x,b,o,o,positive
57,x,x,x,b,o,o,x,o,b,positive
58,x,x,x,b,o,o,x,b,o,positive
59,x,x,x,b,o,o,o,x,b,positive
60,x,x,x,b,o,o,o,b,x,positive
61,x,x,x,b,o,o,b,x,o,positive
62,x,x,x,b,o,o,b,o,x,positive
63,x,x,x,b,o,o,b,b,b,positive
64,x,x,x,b,o,b,x,o,o,positive
65,x,x,x,b,o,b,o,x,o,positive
66,x,x,x,b,o,b,o,o,x,positive
67,x,x,x,b,o,b,o,b,b,positive
68,x,x,x,b,o,b,b,o,b,positive
69,x,x,x,b,o,b,b,b,o,positive
70,x,x,x,b,b,o,x,o,o,positive
71,x,x,x,b,b,o,o,x,o,positive
72,x,x,x,b,b,o,o,o,x,positive
73,x,x,x,b,b,o,o,b,b,positive
74,x,x,x,b,b,o,b,o,b,positive
75,x,x,x,b,b,o,b,b,o,positive
76,x,x,x,b,b,b,o,o,b,positive
77,x,x,x,b,b,b,o,b,o,positive
78,x,x,x,b,b,b,b,o,o,positive
79,x,x,o,x,x,o,o,o,x,positive
80,x,x,o,x,o,x,x,o,o,positive
81,x,x,o,x,o,o,x,o,x,positive
82,x,x,o,x,o,o,x,b,b,positive
83,x,x,o,x,o,b,x,o,b,positive
84,x,x,o,x,o,b,x,b,o,positive
85,x,x,o,x,b,o,x,o,b,positive
86,x,x,o,x,b,b,x,o,o,positive
87,x,x,o,o,x,x,o,x,o,positive
88,x,x,o,o,x,x,o,o,x,positive
89,x,x,o,o,x,o,x,o,x,positive
90,x,x,o,o,x,o,o,x,x,positive
91,x,x,o,o,x,o,b,x,b,positive
92,x,x,o,o,x,o,b,b,x,positive
93,x,x,o,o,x,b,o,x,b,positive
94,x,x,o,o,x,b,o,b,x,positive
95,x,x,o,o,x,b,b,x,o,positive
96,x,x,o,o,x,b,b,o,x,positive
97,x,x,o,b,x,o,o,x,b,positive
98,x,x,o,b,x,o,o,b,x,positive
99,x,x,o,b,x,o,b,o,x,positive
100,x,x,o,b,x,b,o,x,o,positive
101,x,x,o,b,x,b,o,o,x,positive
102,x,x,b,x,o,o,x,o,b,positive
103,x,x,b,x,o,o,x,b,o,positive
104,x,x,b,x,o,b,x,o,o,positive
105,x,x,b,x,b,o,x,o,o,positive
106,x,x,b,o,x,o,o,x,b,positive
107,x,x,b,o,x,o,o,b,x,positive
108,x,x,b,o,x,o,b,x,o,positive
109,x,x,b,o,x,o,b,o,x,positive
110,x,x,b,o,x,b,o,x,o,positive
111,x,x,b,o,x,b,o,o,x,positive
112,x,x,b,b,x,o,o,x,o,positive
113,x,x,b,b,x,o,o,o,x,positive
114,x,o,x,x,x,o,x,o,o,positive
115,x,o,x,x,x,o,o,o,x,positive
116,x,o,x,x,o,o,x,x,o,positive
117,x,o,x,x,o,o,x,b,b,positive
118,x,o,x,x,o,b,x,b,o,positive
119,x,o,x,x,b,o,x,o,b,positive
120,x,o,x,x,b,o,x,b,o,positive
121,x,o,x,x,b,b,x,o,o,positive
122,x,o,x,o,x,x,x,o,o,positive
123,x,o,x,o,x,x,o,o,x,positive
124,x,o,x,o,x,o,x,x,o,positive
125,x,o,x,o,x,o,x,o,x,positive
126,x,o,x,o,x,o,x,b,b,positive
127,x,o,x,o,x,o,o,x,x,positive
128,x,o,x,o,x,o,b,b,x,positive
129,x,o,x,o,x,b,x,o,b,positive
130,x,o,x,o,x,b,x,b,o,positive
131,x,o,x,o,x,b,o,b,x,positive
132,x,o,x,o,x,b,b,o,x,positive
133,x,o,x,o,o,x,o,x,x,positive
134,x,o,x,o,o,x,b,b,x,positive
135,x,o,x,o,b,x,o,b,x,positive
136,x,o,x,o,b,x,b,o,x,positive
137,x,o,x,b,x,o,x,o,b,positive
138,x,o,x,b,x,o,x,b,o,positive
139,x,o,x,b,x,o,o,b,x,positive
140,x,o,x,b,x,o,b,o,x,positive
141,x,o,x,b,x,b,x,o,o,positive
142,x,o,x,b,x,b,o,o,x,positive
143,x,o,x,b,o,x,o,b,x,positive
144,x,o,x,b,b,x,o,o,x,positive
145,x,o,o,x,x,x,x,o,o,positive
146,x,o,o,x,x,x,o,x,o,positive
147,x,o,o,x,x,x,o,o,x,positive
148,x,o,o,x,x,x,o,b,b,positive
149,x,o,o,x,x,x,b,o,b,positive
150,x,o,o,x,x,x,b,b,o,positive
151,x,o,o,x,x,o,x,o,x,positive
152,x,o,o,x,x,o,x,b,b,positive
153,x,o,o,x,x,o,o,x,x,positive
154,x,o,o,x,x,o,b,b,x,positive
155,x,o,o,x,x,b,x,o,b,positive
156,x,o,o,x,x,b,x,b,o,positive
157,x,o,o,x,x,b,o,b,x,positive
158,x,o,o,x,x,b,b,o,x,positive
159,x,o,o,x,o,x,x,x,o,positive
160,x,o,o,x,o,x,x,b,b,positive
161,x,o,o,x,o,o,x,x,x,positive
162,x,o,o,x,o,b,x,x,b,positive
163,x,o,o,x,o,b,x,b,x,positive
164,x,o,o,x,b,x,x,o,b,positive
165,x,o,o,x,b,x,x,b,o,positive
166,x,o,o,x,b,o,x,x,b,positive
167,x,o,o,x,b,o,x,b,x,positive
168,x,o,o,x,b,b,x,x,o,positive
169,x,o,o,x,b,b,x,o,x,positive
170,x,o,o,x,b,b,x,b,b,positive
171,x,o,o,o,x,x,x,o,x,positive
172,x,o,o,o,x,x,o,x,x,positive
173,x,o,o,o,x,x,b,b,x,positive
174,x,o,o,o,x,o,x,x,x,positive
175,x,o,o,o,x,b,x,b,x,positive
176,x,o,o,o,x,b,b,x,x,positive
177,x,o,o,o,o,x,x,x,x,positive
178,x,o,o,o,b,b,x,x,x,positive
179,x,o,o,b,x,x,o,b,x,positive
180,x,o,o,b,x,x,b,o,x,positive
181,x,o,o,b,x,o,x,b,x,positive
182,x,o,o,b,x,o,b,x,x,positive
183,x,o,o,b,x,b,x,o,x,positive
184,x,o,o,b,x,b,o,x,x,positive
185,x,o,o,b,x,b,b,b,x,positive
186,x,o,o,b,o,b,x,x,x,positive
187,x,o,o,b,b,o,x,x,x,positive
188,x,o,b,x,x,x,o,o,b,positive
189,x,o,b,x,x,x,o,b,o,positive
190,x,o,b,x,x,x,b,o,o,positive
191,x,o,b,x,x,o,x,o,b,positive
192,x,o,b,x,x,o,x,b,o,positive
193,x,o,b,x,x,o,o,b,x,positive
194,x,o,b,x,x,o,b,o,x,positive
195,x,o,b,x,x,b,x,o,o,positive
196,x,o,b,x,x,b,o,o,x,positive
197,x,o,b,x,o,x,x,b,o,positive
198,x,o,b,x,o,o,x,x,b,positive
199,x,o,b,x,o,o,x,b,x,positive
200,x,o,b,x,o,b,x,x,o,positive
201,x,o,b,x,o,b,x,b,b,positive
202,x,o,b,x,b,x,x,o,o,positive
203,x,o,b,x,b,o,x,x,o,positive
204,x,o,b,x,b,o,x,o,x,positive
205,x,o,b,x,b,o,x,b,b,positive
206,x,o,b,x,b,b,x,o,b,positive
207,x,o,b,x,b,b,x,b,o,positive
208,x,o,b,o,x,x,o,b,x,positive
209,x,o,b,o,x,x,b,o,x,positive
210,x,o,b,o,x,o,x,b,x,positive
211,x,o,b,o,x,o,b,x,x,positive
212,x,o,b,o,x,b,x,o,x,positive
213,x,o,b,o,x,b,o,x,x,positive
214,x,o,b,o,x,b,b,b,x,positive
215,x,o,b,o,o,b,x,x,x,positive
216,x,o,b,o,b,o,x,x,x,positive
217,x,o,b,b,x,x,o,o,x,positive
218,x,o,b,b,x,o,x,o,x,positive
219,x,o,b,b,x,o,o,x,x,positive
220,x,o,b,b,x,o,b,b,x,positive
221,x,o,b,b,x,b,o,b,x,positive
222,x,o,b,b,x,b,b,o,x,positive
223,x,o,b,b,o,o,x,x,x,positive
224,x,b,x,x,o,o,x,o,b,positive
225,x,b,x,x,o,o,x,b,o,positive
226,x,b,x,x,o,b,x,o,o,positive
227,x,b,x,x,b,o,x,o,o,positive
228,x,b,x,o,x,o,x,o,b,positive
229,x,b,x,o,x,o,x,b,o,positive
230,x,b,x,o,x,o,o,b,x,positive
231,x,b,x,o,x,o,b,o,x,positive
232,x,b,x,o,x,b,x,o,o,positive
233,x,b,x,o,x,b,o,o,x,positive
234,x,b,x,o,o,x,o,b,x,positive
235,x,b,x,o,o,x,b,o,x,positive
236,x,b,x,o,b,x,o,o,x,positive
237,x,b,x,b,x,o,x,o,o,positive
238,x,b,x,b,x,o,o,o,x,positive
239,x,b,x,b,o,x,o,o,x,positive
240,x,b,o,x,x,x,o,o,b,positive
241,x,b,o,x,x,x,o,b,o,positive
242,x,b,o,x,x,x,b,o,o,positive
243,x,b,o,x,x,o,x,o,b,positive
244,x,b,o,x,x,o,o,b,x,positive
245,x,b,o,x,x,o,b,o,x,positive
246,x,b,o,x,x,b,x,o,o,positive
247,x,b,o,x,x,b,o,o,x,positive
248,x,b,o,x,o,x,x,o,b,positive
249,x,b,o,x,o,x,x,b,o,positive
250,x,b,o,x,o,o,x,x,b,positive
251,x,b,o,x,o,o,x,b,x,positive
252,x,b,o,x,o,b,x,x,o,positive
253,x,b,o,x,o,b,x,o,x,positive
254,x,b,o,x,o,b,x,b,b,positive
255,x,b,o,x,b,x,x,o,o,positive
256,x,b,o,x,b,o,x,o,x,positive
257,x,b,o,x,b,o,x,b,b,positive
258,x,b,o,x,b,b,x,o,b,positive
259,x,b,o,x,b,b,x,b,o,positive
260,x,b,o,o,x,x,o,b,x,positive
261,x,b,o,o,x,x,b,o,x,positive
262,x,b,o,o,x,o,x,b,x,positive
263,x,b,o,o,x,o,b,x,x,positive
264,x,b,o,o,x,b,x,o,x,positive
265,x,b,o,o,x,b,o,x,x,positive
266,x,b,o,o,x,b,b,b,x,positive
267,x,b,o,o,o,b,x,x,x,positive
268,x,b,o,o,b,o,x,x,x,positive
269,x,b,o,b,x,x,o,o,x,positive
270,x,b,o,b,x,o,x,o,x,positive
271,x,b,o,b,x,o,o,x,x,positive
272,x,b,o,b,x,o,b,b,x,positive
273,x,b,o,b,x,b,o,b,x,positive
274,x,b,o,b,x,b,b,o,x,positive
275,x,b,o,b,o,o,x,x,x,positive
276,x,b,b,x,x,o,x,o,o,positive
277,x,b,b,x,x,o,o,o,x,positive
278,x,b,b,x,o,x,x,o,o,positive
279,x,b,b,x,o,o,x,x,o,positive
280,x,b,b,x,o,o,x,o,x,positive
281,x,b,b,x,o,o,x,b,b,positive
282,x,b,b,x,o,b,x,o,b,positive
283,x,b,b,x,o,b,x,b,o,positive
284,x,b,b,x,b,o,x,o,b,positive
285,x,b,b,x,b,o,x,b,o,positive
286,x,b,b,x,b,b,x,o,o,positive
287,x,b,b,o,x,x,o,o,x,positive
288,x,b,b,o,x,o,x,o,x,positive
289,x,b,b,o,x,o,o,x,x,positive
290,x,b,b,o,x,o,b,b,x,positive
291,x,b,b,o,x,b,o,b,x,positive
292,x,b,b,o,x,b,b,o,x,positive
293,x,b,b,b,x,o,o,b,x,positive
294,x,b,b,b,x,o,b,o,x,positive
295,x,b,b,b,x,b,o,o,x,positive
296,o,x,x,x,x,o,x,o,o,positive
297,o,x,x,x,x,o,o,x,o,positive
298,o,x,x,x,o,x,o,o,x,positive
299,o,x,x,o,x,x,x,o,o,positive
300,o,x,x,o,x,o,x,x,o,positive
301,o,x,x,o,x,o,x,o,x,positive
302,o,x,x,o,x,o,x,b,b,positive
303,o,x,x,o,x,o,b,x,b,positive
304,o,x,x,o,x,b,x,o,b,positive
305,o,x,x,o,x,b,x,b,o,positive
306,o,x,x,o,x,b,b,x,o,positive
307,o,x,x,o,o,x,x,o,x,positive
308,o,x,x,o,o,x,b,b,x,positive
309,o,x,x,o,b,x,b,o,x,positive
310,o,x,x,b,x,o,x,o,b,positive
311,o,x,x,b,x,o,x,b,o,positive
312,o,x,x,b,x,o,o,x,b,positive
313,o,x,x,b,x,o,b,x,o,positive
314,o,x,x,b,x,b,x,o,o,positive
315,o,x,x,b,x,b,o,x,o,positive
316,o,x,x,b,o,x,o,b,x,positive
317,o,x,x,b,o,x,b,o,x,positive
318,o,x,x,b,b,x,o,o,x,positive
319,o,x,o,x,x,x,x,o,o,positive
320,o,x,o,x,x,x,o,x,o,positive
321,o,x,o,x,x,x,o,o,x,positive
322,o,x,o,x,x,x,o,b,b,positive
323,o,x,o,x,x,x,b,o,b,positive
324,o,x,o,x,x,x,b,b,o,positive
325,o,x,o,x,x,o,o,x,x,positive
326,o,x,o,x,x,o,b,x,b,positive
327,o,x,o,x,x,b,o,x,b,positive
328,o,x,o,x,x,b,b,x,o,positive
329,o,x,o,x,o,o,x,x,x,positive
330,o,x,o,o,x,x,x,x,o,positive
331,o,x,o,o,x,x,b,x,b,positive
332,o,x,o,o,x,o,x,x,x,positive
333,o,x,o,o,x,b,x,x,b,positive
334,o,x,o,o,x,b,b,x,x,positive
335,o,x,o,o,o,x,x,x,x,positive
336,o,x,o,o,b,b,x,x,x,positive
337,o,x,o,b,x,x,o,x,b,positive
338,o,x,o,b,x,x,b,x,o,positive
339,o,x,o,b,x,o,x,x,b,positive
340,o,x,o,b,x,o,b,x,x,positive
341,o,x,o,b,x,b,x,x,o,positive
342,o,x,o,b,x,b,o,x,x,positive
343,o,x,o,b,x,b,b,x,b,positive
344,o,x,o,b,o,b,x,x,x,positive
345,o,x,o,b,b,o,x,x,x,positive
346,o,x,b,x,x,x,o,o,b,positive
347,o,x,b,x,x,x,o,b,o,positive
348,o,x,b,x,x,x,b,o,o,positive
349,o,x,b,x,x,o,o,x,b,positive
350,o,x,b,x,x,o,b,x,o,positive
351,o,x,b,x,x,b,o,x,o,positive
352,o,x,b,o,x,x,b,x,o,positive
353,o,x,b,o,x,o,x,x,b,positive
354,o,x,b,o,x,o,b,x,x,positive
355,o,x,b,o,x,b,x,x,o,positive
356,o,x,b,o,x,b,b,x,b,positive
357,o,x,b,o,o,b,x,x,x,positive
358,o,x,b,o,b,o,x,x,x,positive
359,o,x,b,b,x,x,o,x,o,positive
360,o,x,b,b,x,o,x,x,o,positive
361,o,x,b,b,x,o,o,x,x,positive
362,o,x,b,b,x,o,b,x,b,positive
363,o,x,b,b,x,b,o,x,b,positive
364,o,x,b,b,x,b,b,x,o,positive
365,o,x,b,b,o,o,x,x,x,positive
366,o,o,x,x,x,x,x,o,o,positive
367,o,o,x,x,x,x,o,x,o,positive
368,o,o,x,x,x,x,o,o,x,positive
369,o,o,x,x,x,x,o,b,b,positive
370,o,o,x,x,x,x,b,o,b,positive
371,o,o,x,x,x,x,b,b,o,positive
372,o,o,x,x,x,o,x,x,o,positive
373,o,o,x,x,x,o,x,o,x,positive
374,o,o,x,x,x,o,x,b,b,positive
375,o,o,x,x,x,b,x,o,b,positive
376,o,o,x,x,x,b,x,b,o,positive
377,o,o,x,x,o,x,o,x,x,positive
378,o,o,x,x,o,x,b,b,x,positive
379,o,o,x,x,o,o,x,x,x,positive
380,o,o,x,x,b,x,o,b,x,positive
381,o,o,x,x,b,x,b,o,x,positive
382,o,o,x,o,x,x,x,x,o,positive
383,o,o,x,o,x,x,x,o,x,positive
384,o,o,x,o,x,x,x,b,b,positive
385,o,o,x,o,x,x,b,b,x,positive
386,o,o,x,o,x,o,x,x,x,positive
387,o,o,x,o,x,b,x,x,b,positive
388,o,o,x,o,x,b,x,b,x,positive
389,o,o,x,o,o,x,x,x,x,positive
390,o,o,x,o,b,x,x,b,x,positive
391,o,o,x,o,b,x,b,x,x,positive
392,o,o,x,o,b,b,x,x,x,positive
393,o,o,x,b,x,x,x,o,b,positive
394,o,o,x,b,x,x,x,b,o,positive
395,o,o,x,b,x,x,o,b,x,positive
396,o,o,x,b,x,x,b,o,x,positive
397,o,o,x,b,x,o,x,x,b,positive
398,o,o,x,b,x,o,x,b,x,positive
399,o,o,x,b,x,b,x,x,o,positive
400,o,o,x,b,x,b,x,o,x,positive
401,o,o,x,b,x,b,x,b,b,positive
402,o,o,x,b,o,x,x,b,x,positive
403,o,o,x,b,o,x,b,x,x,positive
404,o,o,x,b,o,b,x,x,x,positive
405,o,o,x,b,b,x,x,o,x,positive
406,o,o,x,b,b,x,o,x,x,positive
407,o,o,x,b,b,x,b,b,x,positive
408,o,o,x,b,b,o,x,x,x,positive
409,o,o,b,x,x,x,x,o,b,positive
410,o,o,b,x,x,x,x,b,o,positive
411,o,o,b,x,x,x,o,x,b,positive
412,o,o,b,x,x,x,o,b,x,positive
413,o,o,b,x,x,x,b,x,o,positive
414,o,o,b,x,x,x,b,o,x,positive
415,o,o,b,x,x,x,b,b,b,positive
416,o,o,b,x,o,b,x,x,x,positive
417,o,o,b,x,b,o,x,x,x,positive
418,o,o,b,o,x,b,x,x,x,positive
419,o,o,b,o,b,x,x,x,x,positive
420,o,o,b,b,x,o,x,x,x,positive
421,o,o,b,b,o,x,x,x,x,positive
422,o,o,b,b,b,b,x,x,x,positive
423,o,b,x,x,x,x,o,o,b,positive
424,o,b,x,x,x,x,o,b,o,positive
425,o,b,x,x,x,x,b,o,o,positive
426,o,b,x,x,x,o,x,o,b,positive
427,o,b,x,x,x,o,x,b,o,positive
428,o,b,x,x,x,b,x,o,o,positive
429,o,b,x,x,o,x,o,b,x,positive
430,o,b,x,x,o,x,b,o,x,positive
431,o,b,x,x,b,x,o,o,x,positive
432,o,b,x,o,x,x,x,o,b,positive
433,o,b,x,o,x,x,x,b,o,positive
434,o,b,x,o,x,x,b,o,x,positive
435,o,b,x,o,x,o,x,x,b,positive
436,o,b,x,o,x,o,x,b,x,positive
437,o,b,x,o,x,b,x,x,o,positive
438,o,b,x,o,x,b,x,o,x,positive
439,o,b,x,o,x,b,x,b,b,positive
440,o,b,x,o,o,x,x,b,x,positive
441,o,b,x,o,o,x,b,x,x,positive
442,o,b,x,o,o,b,x,x,x,positive
443,o,b,x,o,b,x,x,o,x,positive
444,o,b,x,o,b,x,b,b,x,positive
445,o,b,x,o,b,o,x,x,x,positive
446,o,b,x,b,x,x,x,o,o,positive
447,o,b,x,b,x,x,o,o,x,positive
448,o,b,x,b,x,o,x,x,o,positive
449,o,b,x,b,x,o,x,o,x,positive
450,o,b,x,b,x,o,x,b,b,positive
451,o,b,x,b,x,b,x,o,b,positive
452,o,b,x,b,x,b,x,b,o,positive
453,o,b,x,b,o,x,x,o,x,positive
454,o,b,x,b,o,x,o,x,x,positive
455,o,b,x,b,o,x,b,b,x,positive
456,o,b,x,b,o,o,x,x,x,positive
457,o,b,x,b,b,x,o,b,x,positive
458,o,b,x,b,b,x,b,o,x,positive
459,o,b,o,x,x,x,x,o,b,positive
460,o,b,o,x,x,x,x,b,o,positive
461,o,b,o,x,x,x,o,x,b,positive
462,o,b,o,x,x,x,o,b,x,positive
463,o,b,o,x,x,x,b,x,o,positive
464,o,b,o,x,x,x,b,o,x,positive
465,o,b,o,x,x,x,b,b,b,positive
466,o,b,o,x,o,b,x,x,x,positive
467,o,b,o,x,b,o,x,x,x,positive
468,o,b,o,o,x,b,x,x,x,positive
469,o,b,o,o,b,x,x,x,x,positive
470,o,b,o,b,x,o,x,x,x,positive
471,o,b,o,b,o,x,x,x,x,positive
472,o,b,o,b,b,b,x,x,x,positive
473,o,b,b,x,x,x,x,o,o,positive
474,o,b,b,x,x,x,o,x,o,positive
475,o,b,b,x,x,x,o,o,x,positive
476,o,b,b,x,x,x,o,b,b,positive
477,o,b,b,x,x,x,b,o,b,positive
478,o,b,b,x,x,x,b,b,o,positive
479,o,b,b,x,o,o,x,x,x,positive
480,o,b,b,o,x,o,x,x,x,positive
481,o,b,b,o,o,x,x,x,x,positive
482,o,b,b,o,b,b,x,x,x,positive
483,o,b,b,b,o,b,x,x,x,positive
484,o,b,b,b,b,o,x,x,x,positive
485,b,x,x,o,x,o,x,o,b,positive
486,b,x,x,o,x,o,x,b,o,positive
487,b,x,x,o,x,o,o,x,b,positive
488,b,x,x,o,x,o,b,x,o,positive
489,b,x,x,o,x,b,x,o,o,positive
490,b,x,x,o,x,b,o,x,o,positive
491,b,x,x,o,o,x,o,b,x,positive
492,b,x,x,o,o,x,b,o,x,positive
493,b,x,x,o,b,x,o,o,x,positive
494,b,x,x,b,x,o,x,o,o,positive
495,b,x,x,b,x,o,o,x,o,positive
496,b,x,x,b,o,x,o,o,x,positive
497,b,x,o,x,x,x,o,o,b,positive
498,b,x,o,x,x,x,o,b,o,positive
499,b,x,o,x,x,x,b,o,o,positive
500,b,x,o,x,x,o,o,x,b,positive
501,b,x,o,x,x,b,o,x,o,positive
502,b,x,o,o,x,x,o,x,b,positive
503,b,x,o,o,x,x,b,x,o,positive
504,b,x,o,o,x,o,x,x,b,positive
505,b,x,o,o,x,o,b,x,x,positive
506,b,x,o,o,x,b,x,x,o,positive
507,b,x,o,o,x,b,o,x,x,positive
508,b,x,o,o,x,b,b,x,b,positive
509,b,x,o,o,o,b,x,x,x,positive
510,b,x,o,o,b,o,x,x,x,positive
511,b,x,o,b,x,x,o,x,o,positive
512,b,x,o,b,x,o,o,x,x,positive
513,b,x,o,b,x,o,b,x,b,positive
514,b,x,o,b,x,b,o,x,b,positive
515,b,x,o,b,x,b,b,x,o,positive
516,b,x,o,b,o,o,x,x,x,positive
517,b,x,b,x,x,o,o,x,o,positive
518,b,x,b,o,x,x,o,x,o,positive
519,b,x,b,o,x,o,x,x,o,positive
520,b,x,b,o,x,o,o,x,x,positive
521,b,x,b,o,x,o,b,x,b,positive
522,b,x,b,o,x,b,o,x,b,positive
523,b,x,b,o,x,b,b,x,o,positive
524,b,x,b,b,x,o,o,x,b,positive
525,b,x,b,b,x,o,b,x,o,positive
526,b,x,b,b,x,b,o,x,o,positive
527,b,o,x,x,x,x,o,o,b,positive
528,b,o,x,x,x,x,o,b,o,positive
529,b,o,x,x,x,x,b,o,o,positive
530,b,o,x,x,x,o,x,o,b,positive
531,b,o,x,x,x,o,x,b,o,positive
532,b,o,x,x,x,b,x,o,o,positive
533,b,o,x,x,o,x,o,b,x,positive
534,b,o,x,x,b,x,o,o,x,positive
535,b,o,x,o,x,x,x,o,b,positive
536,b,o,x,o,x,x,x,b,o,positive
537,b,o,x,o,x,x,o,b,x,positive
538,b,o,x,o,x,x,b,o,x,positive
539,b,o,x,o,x,o,x,x,b,positive
540,b,o,x,o,x,o,x,b,x,positive
541,b,o,x,o,x,b,x,x,o,positive
542,b,o,x,o,x,b,x,o,x,positive
543,b,o,x,o,x,b,x,b,b,positive
544,b,o,x,o,o,x,x,b,x,positive
545,b,o,x,o,o,x,b,x,x,positive
546,b,o,x,o,o,b,x,x,x,positive
547,b,o,x,o,b,x,x,o,x,positive
548,b,o,x,o,b,x,o,x,x,positive
549,b,o,x,o,b,x,b,b,x,positive
550,b,o,x,o,b,o,x,x,x,positive
551,b,o,x,b,x,x,x,o,o,positive
552,b,o,x,b,x,x,o,o,x,positive
553,b,o,x,b,x,o,x,x,o,positive
554,b,o,x,b,x,o,x,o,x,positive
555,b,o,x,b,x,o,x,b,b,positive
556,b,o,x,b,x,b,x,o,b,positive
557,b,o,x,b,x,b,x,b,o,positive
558,b,o,x,b,o,x,o,x,x,positive
559,b,o,x,b,o,x,b,b,x,positive
560,b,o,x,b,o,o,x,x,x,positive
561,b,o,x,b,b,x,o,b,x,positive
562,b,o,x,b,b,x,b,o,x,positive
563,b,o,o,x,x,x,x,o,b,positive
564,b,o,o,x,x,x,x,b,o,positive
565,b,o,o,x,x,x,o,x,b,positive
566,b,o,o,x,x,x,o,b,x,positive
567,b,o,o,x,x,x,b,x,o,positive
568,b,o,o,x,x,x,b,o,x,positive
569,b,o,o,x,x,x,b,b,b,positive
570,b,o,o,x,o,b,x,x,x,positive
571,b,o,o,x,b,o,x,x,x,positive
572,b,o,o,o,x,b,x,x,x,positive
573,b,o,o,o,b,x,x,x,x,positive
574,b,o,o,b,x,o,x,x,x,positive
575,b,o,o,b,o,x,x,x,x,positive
576,b,o,o,b,b,b,x,x,x,positive
577,b,o,b,x,x,x,x,o,o,positive
578,b,o,b,x,x,x,o,x,o,positive
579,b,o,b,x,x,x,o,o,x,positive
580,b,o,b,x,x,x,o,b,b,positive
581,b,o,b,x,x,x,b,o,b,positive
582,b,o,b,x,x,x,b,b,o,positive
583,b,o,b,x,o,o,x,x,x,positive
584,b,o,b,o,x,o,x,x,x,positive
585,b,o,b,o,o,x,x,x,x,positive
586,b,o,b,o,b,b,x,x,x,positive
587,b,o,b,b,o,b,x,x,x,positive
588,b,o,b,b,b,o,x,x,x,positive
589,b,b,x,x,x,o,x,o,o,positive
590,b,b,x,x,o,x,o,o,x,positive
591,b,b,x,o,x,x,x,o,o,positive
592,b,b,x,o,x,x,o,o,x,positive
593,b,b,x,o,x,o,x,x,o,positive
594,b,b,x,o,x,o,x,o,x,positive
595,b,b,x,o,x,o,x,b,b,positive
596,b,b,x,o,x,b,x,o,b,positive
597,b,b,x,o,x,b,x,b,o,positive
598,b,b,x,o,o,x,x,o,x,positive
599,b,b,x,o,o,x,o,x,x,positive
600,b,b,x,o,o,x,b,b,x,positive
601,b,b,x,o,b,x,o,b,x,positive
602,b,b,x,o,b,x,b,o,x,positive
603,b,b,x,b,x,o,x,o,b,positive
604,b,b,x,b,x,o,x,b,o,positive
605,b,b,x,b,x,b,x,o,o,positive
606,b,b,x,b,o,x,o,b,x,positive
607,b,b,x,b,o,x,b,o,x,positive
608,b,b,x,b,b,x,o,o,x,positive
609,b,b,o,x,x,x,x,o,o,positive
610,b,b,o,x,x,x,o,x,o,positive
611,b,b,o,x,x,x,o,o,x,positive
612,b,b,o,x,x,x,o,b,b,positive
613,b,b,o,x,x,x,b,o,b,positive
614,b,b,o,x,x,x,b,b,o,positive
615,b,b,o,x,o,o,x,x,x,positive
616,b,b,o,o,x,o,x,x,x,positive
617,b,b,o,o,o,x,x,x,x,positive
618,b,b,o,o,b,b,x,x,x,positive
619,b,b,o,b,o,b,x,x,x,positive
620,b,b,o,b,b,o,x,x,x,positive
621,b,b,b,x,x,x,o,o,b,positive
622,b,b,b,x,x,x,o,b,o,positive
623,b,b,b,x,x,x,b,o,o,positive
624,b,b,b,o,o,b,x,x,x,positive
625,b,b,b,o,b,o,x,x,x,positive
626,b,b,b,b,o,o,x,x,x,positive
627,x,x,o,x,x,o,o,b,o,negative
628,x,x,o,x,x,o,b,o,o,negative
629,x,x,o,x,x,b,o,o,o,negative
630,x,x,o,x,o,x,o,o,b,negative
631,x,x,o,x,o,x,o,b,o,negative
632,x,x,o,x,o,o,o,x,b,negative
633,x,x,o,x,o,o,o,b,x,negative
634,x,x,o,x,o,o,b,x,o,negative
635,x,x,o,x,o,b,o,x,o,negative
636,x,x,o,x,o,b,o,o,x,negative
637,x,x,o,x,o,b,o,b,b,negative
638,x,x,o,x,b,x,o,o,o,negative
639,x,x,o,x,b,o,o,x,o,negative
640,x,x,o,x,b,o,b,b,o,negative
641,x,x,o,o,x,o,x,b,o,negative
642,x,x,o,o,o,x,o,x,b,negative
643,x,x,o,o,o,x,o,b,x,negative
644,x,x,o,o,o,o,x,x,b,negative
645,x,x,o,o,o,o,x,b,x,negative
646,x,x,o,o,o,o,b,x,x,negative
647,x,x,o,o,o,b,o,x,x,negative
648,x,x,o,o,b,o,x,x,o,negative
649,x,x,o,b,x,x,o,o,o,negative
650,x,x,o,b,x,o,x,o,o,negative
651,x,x,o,b,x,o,b,b,o,negative
652,x,x,o,b,o,x,o,x,o,negative
653,x,x,o,b,o,x,o,o,x,negative
654,x,x,o,b,o,x,o,b,b,negative
655,x,x,o,b,o,o,x,x,o,negative
656,x,x,o,b,o,o,o,x,x,negative
657,x,x,o,b,o,b,o,x,b,negative
658,x,x,o,b,o,b,o,b,x,negative
659,x,x,o,b,b,o,x,b,o,negative
660,x,x,o,b,b,o,b,x,o,negative
661,x,x,b,x,x,o,o,o,o,negative
662,x,x,b,x,o,x,o,o,o,negative
663,x,x,b,x,b,b,o,o,o,negative
664,x,x,b,o,x,x,o,o,o,negative
665,x,x,b,o,o,o,x,x,o,negative
666,x,x,b,o,o,o,x,o,x,negative
667,x,x,b,o,o,o,x,b,b,negative
668,x,x,b,o,o,o,o,x,x,negative
669,x,x,b,o,o,o,b,x,b,negative
670,x,x,b,o,o,o,b,b,x,negative
671,x,x,b,b,x,b,o,o,o,negative
672,x,x,b,b,b,x,o,o,o,negative
673,x,o,x,x,x,b,o,o,o,negative
674,x,o,x,x,o,x,o,o,b,negative
675,x,o,x,x,o,x,b,o,o,negative
676,x,o,x,x,o,o,b,o,x,negative
677,x,o,x,x,o,b,o,o,x,negative
678,x,o,x,x,o,b,b,o,b,negative
679,x,o,x,x,b,x,o,o,o,negative
680,x,o,x,o,o,x,x,o,b,negative
681,x,o,x,o,o,o,x,x,b,negative
682,x,o,x,o,o,o,x,b,x,negative
683,x,o,x,o,o,o,b,x,x,negative
684,x,o,x,o,o,b,x,o,x,negative
685,x,o,x,b,x,x,o,o,o,negative
686,x,o,x,b,o,x,x,o,o,negative
687,x,o,x,b,o,x,b,o,b,negative
688,x,o,x,b,o,o,x,o,x,negative
689,x,o,x,b,o,b,x,o,b,negative
690,x,o,x,b,o,b,b,o,x,negative
691,x,o,o,x,x,o,b,x,o,negative
692,x,o,o,x,o,x,o,x,b,negative
693,x,o,o,x,o,x,o,b,x,negative
694,x,o,o,x,o,x,b,o,x,negative
695,x,o,o,x,o,b,o,x,x,negative
696,x,o,o,b,x,o,x,x,o,negative
697,x,o,o,b,o,x,x,o,x,negative
698,x,o,o,b,o,x,o,x,x,negative
699,x,o,b,x,o,x,o,o,x,negative
700,x,o,b,x,o,x,b,o,b,negative
701,x,o,b,x,o,b,b,o,x,negative
702,x,o,b,o,o,x,x,o,x,negative
703,x,o,b,b,o,x,x,o,b,negative
704,x,o,b,b,o,x,b,o,x,negative
705,x,o,b,b,o,b,x,o,x,negative
706,x,b,x,x,x,o,o,o,o,negative
707,x,b,x,x,o,x,o,o,o,negative
708,x,b,x,x,b,b,o,o,o,negative
709,x,b,x,o,x,x,o,o,o,negative
710,x,b,x,o,o,o,x,x,o,negative
711,x,b,x,o,o,o,x,o,x,negative
712,x,b,x,o,o,o,x,b,b,negative
713,x,b,x,o,o,o,o,x,x,negative
714,x,b,x,o,o,o,b,x,b,negative
715,x,b,x,o,o,o,b,b,x,negative
716,x,b,x,b,x,b,o,o,o,negative
717,x,b,x,b,b,x,o,o,o,negative
718,x,b,o,x,x,o,o,x,o,negative
719,x,b,o,x,x,o,b,b,o,negative
720,x,b,o,x,o,x,o,x,o,negative
721,x,b,o,x,o,x,o,o,x,negative
722,x,b,o,x,o,x,o,b,b,negative
723,x,b,o,x,o,o,o,x,x,negative
724,x,b,o,x,o,b,o,x,b,negative
725,x,b,o,x,o,b,o,b,x,negative
726,x,b,o,x,b,o,b,x,o,negative
727,x,b,o,o,x,o,x,x,o,negative
728,x,b,o,o,o,x,o,x,x,negative
729,x,b,o,b,x,o,x,b,o,negative
730,x,b,o,b,x,o,b,x,o,negative
731,x,b,o,b,o,x,o,x,b,negative
732,x,b,o,b,o,x,o,b,x,negative
733,x,b,o,b,o,b,o,x,x,negative
734,x,b,o,b,b,o,x,x,o,negative
735,x,b,b,x,x,b,o,o,o,negative
736,x,b,b,x,b,x,o,o,o,negative
737,x,b,b,o,o,o,x,x,b,negative
738,x,b,b,o,o,o,x,b,x,negative
739,x,b,b,o,o,o,b,x,x,negative
740,x,b,b,b,x,x,o,o,o,negative
741,o,x,x,x,x,b,o,o,o,negative
742,o,x,x,x,o,x,o,b,o,negative
743,o,x,x,x,o,x,b,o,o,negative
744,o,x,x,x,o,o,x,b,o,negative
745,o,x,x,x,o,o,b,x,o,negative
746,o,x,x,x,o,b,x,o,o,negative
747,o,x,x,x,o,b,o,x,o,negative
748,o,x,x,x,o,b,b,b,o,negative
749,o,x,x,x,b,x,o,o,o,negative
750,o,x,x,o,x,x,o,o,b,negative
751,o,x,x,o,x,x,o,b,o,negative
752,o,x,x,o,x,o,o,b,x,negative
753,o,x,x,o,x,b,o,o,x,negative
754,o,x,x,o,x,b,o,b,b,negative
755,o,x,x,o,o,x,x,b,o,negative
756,o,x,x,o,o,x,o,x,b,negative
757,o,x,x,o,o,x,b,x,o,negative
758,o,x,x,o,o,o,x,x,b,negative
759,o,x,x,o,o,o,x,b,x,negative
760,o,x,x,o,o,o,b,x,x,negative
761,o,x,x,o,o,b,x,x,o,negative
762,o,x,x,o,o,b,o,x,x,negative
763,o,x,x,o,b,x,o,x,o,negative
764,o,x,x,o,b,x,o,b,b,negative
765,o,x,x,o,b,o,o,x,x,negative
766,o,x,x,o,b,b,o,x,b,negative
767,o,x,x,o,b,b,o,b,x,negative
768,o,x,x,b,x,x,o,o,o,negative
769,o,x,x,b,o,x,x,o,o,negative
770,o,x,x,b,o,x,o,x,o,negative
771,o,x,x,b,o,x,b,b,o,negative
772,o,x,x,b,o,o,x,x,o,negative
773,o,x,x,b,o,b,x,b,o,negative
774,o,x,x,b,o,b,b,x,o,negative
775,o,x,o,x,x,o,x,b,o,negative
776,o,x,o,x,o,x,x,b,o,negative
777,o,x,o,x,o,x,o,x,b,negative
778,o,x,o,x,o,x,o,b,x,negative
779,o,x,o,x,o,x,b,x,o,negative
780,o,x,o,x,o,b,x,x,o,negative
781,o,x,o,x,o,b,o,x,x,negative
782,o,x,o,x,b,o,x,x,o,negative
783,o,x,o,o,x,x,o,b,x,negative
784,o,x,o,o,b,x,o,x,x,negative
785,o,x,o,b,o,x,x,x,o,negative
786,o,x,o,b,o,x,o,x,x,negative
787,o,x,b,x,o,x,x,o,o,negative
788,o,x,b,x,o,x,o,x,o,negative
789,o,x,b,x,o,x,b,b,o,negative
790,o,x,b,x,o,o,x,x,o,negative
791,o,x,b,x,o,b,x,b,o,negative
792,o,x,b,x,o,b,b,x,o,negative
793,o,x,b,o,x,x,o,o,x,negative
794,o,x,b,o,x,x,o,b,b,negative
795,o,x,b,o,x,b,o,b,x,negative
796,o,x,b,o,o,x,x,x,o,negative
797,o,x,b,o,o,x,o,x,x,negative
798,o,x,b,o,b,x,o,x,b,negative
799,o,x,b,o,b,x,o,b,x,negative
800,o,x,b,o,b,b,o,x,x,negative
801,o,x,b,b,o,x,x,b,o,negative
802,o,x,b,b,o,x,b,x,o,negative
803,o,x,b,b,o,b,x,x,o,negative
804,o,o,x,x,o,x,x,o,b,negative
805,o,o,x,x,o,x,x,b,o,negative
806,o,o,x,x,o,x,b,x,o,negative
807,o,o,x,x,o,b,x,x,o,negative
808,o,o,x,x,o,b,x,o,x,negative
809,o,o,x,o,x,x,o,x,b,negative
810,o,o,x,o,x,b,o,x,x,negative
811,o,o,x,b,o,x,x,x,o,negative
812,o,o,o,x,x,o,x,x,b,negative
813,o,o,o,x,x,o,x,b,x,negative
814,o,o,o,x,x,o,b,x,x,negative
815,o,o,o,x,x,b,x,x,o,negative
816,o,o,o,x,x,b,x,o,x,negative
817,o,o,o,x,x,b,x,b,b,negative
818,o,o,o,x,x,b,o,x,x,negative
819,o,o,o,x,x,b,b,x,b,negative
820,o,o,o,x,x,b,b,b,x,negative
821,o,o,o,x,o,x,x,x,b,negative
822,o,o,o,x,o,x,x,b,x,negative
823,o,o,o,x,o,x,b,x,x,negative
824,o,o,o,x,b,x,x,x,o,negative
825,o,o,o,x,b,x,x,o,x,negative
826,o,o,o,x,b,x,x,b,b,negative
827,o,o,o,x,b,x,o,x,x,negative
828,o,o,o,x,b,x,b,x,b,negative
829,o,o,o,x,b,x,b,b,x,negative
830,o,o,o,x,b,b,x,x,b,negative
831,o,o,o,x,b,b,x,b,x,negative
832,o,o,o,x,b,b,b,x,x,negative
833,o,o,o,o,x,x,x,x,b,negative
834,o,o,o,o,x,x,x,b,x,negative
835,o,o,o,o,x,x,b,x,x,negative
836,o,o,o,b,x,x,x,x,o,negative
837,o,o,o,b,x,x,x,o,x,negative
838,o,o,o,b,x,x,x,b,b,negative
839,o,o,o,b,x,x,o,x,x,negative
840,o,o,o,b,x,x,b,x,b,negative
841,o,o,o,b,x,x,b,b,x,negative
842,o,o,o,b,x,b,x,x,b,negative
843,o,o,o,b,x,b,x,b,x,negative
844,o,o,o,b,x,b,b,x,x,negative
845,o,o,o,b,b,x,x,x,b,negative
846,o,o,o,b,b,x,x,b,x,negative
847,o,o,o,b,b,x,b,x,x,negative
848,o,o,b,x,o,x,x,x,o,negative
849,o,o,b,x,o,x,x,o,x,negative
850,o,o,b,o,x,x,o,x,x,negative
851,o,b,x,x,o,x,x,o,o,negative
852,o,b,x,x,o,x,o,x,o,negative
853,o,b,x,x,o,x,b,b,o,negative
854,o,b,x,x,o,o,x,x,o,negative
855,o,b,x,x,o,b,x,b,o,negative
856,o,b,x,x,o,b,b,x,o,negative
857,o,b,x,o,x,x,o,x,o,negative
858,o,b,x,o,x,x,o,b,b,negative
859,o,b,x,o,x,o,o,x,x,negative
860,o,b,x,o,x,b,o,x,b,negative
861,o,b,x,o,x,b,o,b,x,negative
862,o,b,x,o,o,x,x,x,o,negative
863,o,b,x,o,b,x,o,x,b,negative
864,o,b,x,o,b,b,o,x,x,negative
865,o,b,x,b,o,x,x,b,o,negative
866,o,b,x,b,o,x,b,x,o,negative
867,o,b,x,b,o,b,x,x,o,negative
868,o,b,o,x,x,o,x,x,o,negative
869,o,b,o,x,o,x,x,x,o,negative
870,o,b,o,x,o,x,o,x,x,negative
871,o,b,o,o,x,x,o,x,x,negative
872,o,b,b,x,o,x,x,b,o,negative
873,o,b,b,x,o,x,b,x,o,negative
874,o,b,b,x,o,b,x,x,o,negative
875,o,b,b,o,x,x,o,x,b,negative
876,o,b,b,o,x,x,o,b,x,negative
877,o,b,b,o,x,b,o,x,x,negative
878,o,b,b,o,b,x,o,x,x,negative
879,o,b,b,b,o,x,x,x,o,negative
880,b,x,x,x,x,o,o,o,o,negative
881,b,x,x,x,o,x,o,o,o,negative
882,b,x,x,x,b,b,o,o,o,negative
883,b,x,x,o,x,x,o,o,o,negative
884,b,x,x,o,o,o,x,x,o,negative
885,b,x,x,o,o,o,x,o,x,negative
886,b,x,x,o,o,o,x,b,b,negative
887,b,x,x,o,o,o,o,x,x,negative
888,b,x,x,o,o,o,b,x,b,negative
889,b,x,x,o,o,o,b,b,x,negative
890,b,x,x,b,x,b,o,o,o,negative
891,b,x,x,b,b,x,o,o,o,negative
892,b,x,o,x,x,o,x,o,o,negative
893,b,x,o,x,x,o,b,b,o,negative
894,b,x,o,x,o,x,o,x,o,negative
895,b,x,o,x,o,x,o,o,x,negative
896,b,x,o,x,o,x,o,b,b,negative
897,b,x,o,x,o,o,x,x,o,negative
898,b,x,o,x,o,o,o,x,x,negative
899,b,x,o,x,o,b,o,x,b,negative
900,b,x,o,x,o,b,o,b,x,negative
901,b,x,o,x,b,o,x,b,o,negative
902,b,x,o,x,b,o,b,x,o,negative
903,b,x,o,o,o,x,o,x,x,negative
904,b,x,o,b,x,o,x,b,o,negative
905,b,x,o,b,o,x,o,x,b,negative
906,b,x,o,b,o,x,o,b,x,negative
907,b,x,o,b,o,b,o,x,x,negative
908,b,x,o,b,b,o,x,x,o,negative
909,b,x,b,x,x,b,o,o,o,negative
910,b,x,b,x,b,x,o,o,o,negative
911,b,x,b,o,o,o,x,x,b,negative
912,b,x,b,o,o,o,x,b,x,negative
913,b,x,b,o,o,o,b,x,x,negative
914,b,x,b,b,x,x,o,o,o,negative
915,b,o,x,x,o,x,x,o,o,negative
916,b,o,x,x,o,x,b,o,b,negative
917,b,o,x,x,o,o,x,o,x,negative
918,b,o,x,x,o,b,x,o,b,negative
919,b,o,x,x,o,b,b,o,x,negative
920,b,o,x,b,o,x,x,o,b,negative
921,b,o,x,b,o,b,x,o,x,negative
922,b,o,o,x,x,o,x,x,o,negative
923,b,o,o,x,o,x,x,o,x,negative
924,b,o,o,x,o,x,o,x,x,negative
925,b,o,b,x,o,x,x,o,b,negative
926,b,o,b,x,o,x,b,o,x,negative
927,b,o,b,x,o,b,x,o,x,negative
928,b,o,b,b,o,x,x,o,x,negative
929,b,b,x,x,x,b,o,o,o,negative
930,b,b,x,x,b,x,o,o,o,negative
931,b,b,x,o,o,o,x,x,b,negative
932,b,b,x,o,o,o,x,b,x,negative
933,b,b,x,o,o,o,b,x,x,negative
934,b,b,x,b,x,x,o,o,o,negative
935,b,b,o,x,x,o,x,b,o,negative
936,b,b,o,x,x,o,b,x,o,negative
937,b,b,o,x,o,x,o,x,b,negative
938,b,b,o,x,o,x,o,b,x,negative
939,b,b,o,x,o,b,o,x,x,negative
940,b,b,o,x,b,o,x,x,o,negative
941,b,b,o,b,x,o,x,x,o,negative
942,b,b,o,b,o,x,o,x,x,negative
943,x,x,o,o,x,x,x,o,o,negative
944,x,x,o,o,o,x,x,x,o,negative
945,x,x,o,o,o,x,x,o,x,negative
946,x,o,x,x,x,o,o,x,o,negative
947,x,o,x,x,o,x,o,x,o,negative
948,x,o,x,x,o,o,o,x,x,negative
949,x,o,x,o,x,x,o,x,o,negative
950,x,o,x,o,o,x,x,x,o,negative
951,x,o,o,o,x,x,x,x,o,negative
952,o,x,x,x,x,o,o,o,x,negative
953,o,x,x,x,o,o,x,o,x,negative
954,o,x,x,x,o,o,o,x,x,negative
955,o,x,o,x,x,o,x,o,x,negative
956,o,x,o,x,o,x,x,o,x,negative
957,o,x,o,o,x,x,x,o,x,negative
958,o,o,x,x,x,o,o,x,x,negative